
INSERT INTO Projects (idProject, Name, Description, Start_date, End_date)
VALUES (1, 'Project A', 'A sample project', '2023-10-25', '2023-11-30');
INSERT INTO Projects (idProject, Name, Description, Start_date, End_date)
VALUES (2, 'Project B', 'Another project', '2023-09-15', '2023-12-15');
INSERT INTO Projects (idProject, Name, Description, Start_date, End_date)
VALUES (3, 'Project C', 'Yet another project', '2023-11-01', '2024-01-31');
INSERT INTO Projects (idProject, Name, Description, Start_date, End_date)
VALUES (4, 'Project D', 'Project with a long description', '2023-10-10', '2024-02-28');
INSERT INTO Projects (idProject, Name, Description, Start_date, End_date)
VALUES (5, 'Project E', 'Project E description', '2023-12-05', '2024-03-31');


INSERT INTO Department (idDepartment, Name, Description)
VALUES (1, 'HR', 'Human Resources Department');
INSERT INTO Department (idDepartment, Name, Description)
VALUES (2, 'IT', 'Information Technology Department');
INSERT INTO Department (idDepartment, Name, Description)
VALUES (3, 'Sales', 'Sales and Marketing Department');
INSERT INTO Department (idDepartment, Name, Description)
VALUES (4, 'Finance', 'Finance and Accounting Department');



INSERT INTO Employees (idEmployee, FirstName, SecondName, Email, PhoneNumber,Salary, Department_id, Project_id)
VALUES (1, 'John', 'Smith', 'john.smith@example.com', '555-123-4567',4800, 1, 1);
INSERT INTO Employees (idEmployee, FirstName, SecondName, Email, PhoneNumber,Salary, Department_id, Project_id)
VALUES (2, 'Jane', 'Doe', 'jane.doe@example.com', '555-987-6543',5800, 2, 2);
INSERT INTO Employees (idEmployee, FirstName, SecondName, Email, PhoneNumber,Salary, Department_id, Project_id)
VALUES (3, 'Robert', 'Johnson', 'robert.johnson@example.com', '555-555-5555',1250, 1, 3);
INSERT INTO Employees (idEmployee, FirstName, SecondName, Email, PhoneNumber,Salary, Department_id, Project_id)
VALUES (4, 'Sarah', 'Brown', 'sarah.brown@example.com', '555-333-8888',2500, 3, 4);
INSERT INTO Employees (idEmployee, FirstName, SecondName, Email, PhoneNumber,Salary, Department_id, Project_id)
VALUES (5, 'David', 'Lee', 'david.lee@example.com', '555-222-7777',4350, 2, 5);
INSERT INTO Employees (idEmployee, FirstName, SecondName, Email, PhoneNumber,Salary, Department_id, Project_id)
VALUES (6, 'Megan', 'White', 'megan.white@example.com', '555-777-3333',4200, 4, 1);
INSERT INTO Employees (idEmployee, FirstName, SecondName, Email, PhoneNumber,Salary, Department_id, Project_id)
VALUES (7, 'Richard', 'Davis', 'richard.davis@example.com', '555-999-1111',2700, 3, 3);
INSERT INTO Employees (idEmployee, FirstName, SecondName, Email, PhoneNumber,Salary, Department_id, Project_id)
VALUES (8, 'Emily', 'Taylor', 'emily.taylor@example.com', '555-888-2222',2600, 1, 2);
INSERT INTO Employees (idEmployee, FirstName, SecondName, Email, PhoneNumber,Salary, Department_id, Project_id)
VALUES (9, 'Daniel', 'Wilson', 'daniel.wilson@example.com', '555-111-9999',4500, 2, 4);
INSERT INTO Employees (idEmployee, FirstName, SecondName, Email, PhoneNumber,Salary, Department_id, Project_id)
VALUES (10, 'Sophia', 'Anderson', 'sophia.anderson@example.com', '555-444-6666',2500, 4, 5);
INSERT INTO Employees (idEmployee, FirstName, SecondName, Email, PhoneNumber,Salary, Department_id, Project_id)
VALUES (11, 'William', 'Harris', 'william.harris@example.com', '555-333-2222',2000, 2, 1);
INSERT INTO Employees (idEmployee, FirstName, SecondName, Email, PhoneNumber,Salary, Department_id, Project_id)
VALUES (12, 'Olivia', 'Martinez', 'olivia.martinez@example.com', '555-666-9999',6500, 1, 2);
INSERT INTO Employees (idEmployee, FirstName, SecondName, Email, PhoneNumber,Salary, Department_id, Project_id)
VALUES (13, 'James', 'Anderson', 'james.anderson@example.com', '555-222-7777',2500, 3, 3);
INSERT INTO Employees (idEmployee, FirstName, SecondName, Email, PhoneNumber,Salary, Department_id, Project_id)
VALUES (14, 'Ava', 'White', 'ava.white@example.com', '555-555-1234',1800, 4, 4);
INSERT INTO Employees (idEmployee, FirstName, SecondName, Email, PhoneNumber,Salary, Department_id, Project_id)
VALUES (15, 'Benjamin', 'Johnson', 'benjamin.johnson@example.com', '555-111-9876',1600, 1, 5);
INSERT INTO Employees (idEmployee, FirstName, SecondName, Email, PhoneNumber,Salary, Department_id, Project_id)
VALUES (16, 'Sophia', 'Davis', 'sophia.davis@example.com', '555-888-6666',2500, 2, 1);
INSERT INTO Employees (idEmployee, FirstName, SecondName, Email, PhoneNumber,Salary, Department_id, Project_id)
VALUES (17, 'Oliver', 'Taylor', 'oliver.taylor@example.com', '555-222-4444',1400, 3, 2);
INSERT INTO Employees (idEmployee, FirstName, SecondName, Email, PhoneNumber,Salary, Department_id, Project_id)
VALUES (18, 'Emma', 'Smith', 'emma.smith@example.com', '555-123-9999',1500, 1, 3);
INSERT INTO Employees (idEmployee, FirstName, SecondName, Email, PhoneNumber,Salary, Department_id, Project_id)
VALUES (19, 'Liam', 'Wilson', 'liam.wilson@example.com', '555-777-3333',2500, 4, 4);
INSERT INTO Employees (idEmployee, FirstName, SecondName, Email, PhoneNumber,Salary, Department_id, Project_id)
VALUES (20, 'Ava', 'Johnson', 'ava.johnson@example.com', '555-555-8888',4200, 2, 5);
INSERT INTO Employees (idEmployee, FirstName, SecondName, Email, PhoneNumber,Salary, Department_id, Project_id)
VALUES (21, 'Noah', 'Martinez', 'noah.martinez@example.com', '555-777-1234',4000, 1, 4);
INSERT INTO Employees (idEmployee, FirstName, SecondName, Email, PhoneNumber,Salary, Department_id, Project_id)
VALUES (22, 'Isabella', 'Harris', 'isabella.harris@example.com', '555-888-5678',5000, 3, 5);
INSERT INTO Employees (idEmployee, FirstName, SecondName, Email, PhoneNumber,Salary, Department_id, Project_id)
VALUES (23, 'Liam', 'Davis', 'liam.davis@example.com', '555-555-1111',7500, 4, 1);
INSERT INTO Employees (idEmployee, FirstName, SecondName, Email, PhoneNumber,Salary, Department_id, Project_id)
VALUES (24, 'Olivia', 'Anderson', 'olivia.anderson@example.com', '555-111-7777',5600, 2, 2);
INSERT INTO Employees (idEmployee, FirstName, SecondName, Email, PhoneNumber,Salary, Department_id, Project_id)
VALUES (25, 'Lucas', 'Smith', 'lucas.smith@example.com', '555-333-3333',4300, 1, 3);
INSERT INTO Employees (idEmployee, FirstName, SecondName, Email, PhoneNumber,Salary, Department_id, Project_id)
VALUES (26, 'Sophia', 'Taylor', 'sophia.taylor@example.com', '555-666-6666',4500, 3, 4);
INSERT INTO Employees (idEmployee, FirstName, SecondName, Email, PhoneNumber,Salary, Department_id, Project_id)
VALUES (27, 'Mason', 'Lee', 'mason.lee@example.com', '555-999-9999',9500, 2, 5);
INSERT INTO Employees (idEmployee, FirstName, SecondName, Email, PhoneNumber,Salary, Department_id, Project_id)
VALUES (28, 'Emma', 'Johnson', 'emma.johnson@example.com', '555-222-2222',8000, 4, 1);
INSERT INTO Employees (idEmployee, FirstName, SecondName, Email, PhoneNumber,Salary, Department_id, Project_id)
VALUES (29, 'Logan', 'Wilson', 'logan.wilson@example.com', '555-777-7777',6900, 1, 2);
INSERT INTO Employees (idEmployee, FirstName, SecondName, Email, PhoneNumber,Salary, Department_id, Project_id)
VALUES (30, 'Ava', 'Davis', 'ava.davis@example.com', '555-888-8888',3500, 2, 3);
INSERT INTO Employees (idEmployee, FirstName, SecondName, Email, PhoneNumber,Salary, Department_id, Project_id)
VALUES (31, 'Ethan', 'Smith', 'ethan.smith@example.com', '555-555-5555',1500, 3, 4);
INSERT INTO Employees (idEmployee, FirstName, SecondName, Email, PhoneNumber,Salary, Department_id, Project_id)
VALUES (32, 'Olivia', 'Johnson', 'olivia.johnson@example.com', '555-111-1111',4500, 4, 5);
INSERT INTO Employees (idEmployee, FirstName, SecondName, Email, PhoneNumber,Salary, Department_id, Project_id)
VALUES (33, 'Liam', 'Martinez', 'liam.martinez@example.com', '555-777-7777',3300, 2, 1);
INSERT INTO Employees (idEmployee, FirstName, SecondName, Email, PhoneNumber,Salary, Department_id, Project_id)
VALUES (34, 'Isabella', 'Davis', 'isabella.davis@example.com', '555-222-2222',5600, 1, 2);
INSERT INTO Employees (idEmployee, FirstName, SecondName, Email, PhoneNumber,Salary, Department_id, Project_id)
VALUES (123456, 'Noah', 'Smith', 'noah.smith@example.com', '555-888-8888',5800, 3, 3);
INSERT INTO Employees (idEmployee, FirstName, SecondName, Email, PhoneNumber,Salary, Department_id, Project_id)
VALUES (36, 'Sophia', 'Anderson', 'sophia.anderson@example.com', '555-999-9999',8200, 4, 4);
INSERT INTO Employees (idEmployee, FirstName, SecondName, Email, PhoneNumber,Salary, Department_id, Project_id)
VALUES (37, 'Lucas', 'Taylor', 'lucas.taylor@example.com', '555-111-1111',8000, 2, 5);
INSERT INTO Employees (idEmployee, FirstName, SecondName, Email, PhoneNumber,Salary, Department_id, Project_id)
VALUES (38, 'Mason', 'Martinez', 'mason.martinez@example.com', '555-777-7777',6500, 1, 1);
INSERT INTO Employees (idEmployee, FirstName, SecondName, Email, PhoneNumber,Salary, Department_id, Project_id)
VALUES (39, 'Emma', 'White', 'emma.white@example.com', '555-222-2222',7000, 3, 2);
INSERT INTO Employees (idEmployee, FirstName, SecondName, Email, PhoneNumber,Salary, Department_id, Project_id)
VALUES (40, 'Logan', 'Davis', 'logan.davis@example.com', '555-888-3221',2550,4,1);
INSERT INTO Employees (idEmployee, FirstName, SecondName, Email, PhoneNumber,Salary, Department_id, Project_id)
VALUES (41, 'Ethan', 'Harris', 'ethan.harris@example.com', '555-555-5555',850, 1, 4);
INSERT INTO Employees (idEmployee, FirstName, SecondName, Email, PhoneNumber,Salary, Department_id, Project_id)
VALUES (42, 'Olivia', 'Smith', 'olivia.smith@example.com', '555-111-1111',1360, 3, 5);
INSERT INTO Employees (idEmployee, FirstName, SecondName, Email, PhoneNumber,Salary, Department_id, Project_id)
VALUES (43, 'Liam', 'Anderson', 'liam.anderson@example.com', '555-777-7777',4210, 4, 1);
INSERT INTO Employees (idEmployee, FirstName, SecondName, Email, PhoneNumber,Salary, Department_id, Project_id)
VALUES (44, 'Isabella', 'Johnson', 'isabella.johnson@example.com', '555-222-2222',2500, 2, 2);
INSERT INTO Employees (idEmployee, FirstName, SecondName, Email, PhoneNumber,Salary, Department_id, Project_id)
VALUES (45, 'Noah', 'Davis', 'noah.davis@example.com', '555-888-8888',7500, 1, 3);
INSERT INTO Employees (idEmployee, FirstName, SecondName, Email, PhoneNumber,Salary, Department_id, Project_id)
VALUES (46, 'Lucas', 'Harris', 'lucas.harris@example.com', '555-999-9999',8500, 3, 4);
INSERT INTO Employees (idEmployee, FirstName, SecondName, Email, PhoneNumber,Salary, Department_id, Project_id)
VALUES (47, 'Sophia', 'Taylor', 'sophia.taylor@example.com', '555-111-1111',12500, 4, 5);
INSERT INTO Employees (idEmployee, FirstName, SecondName, Email, PhoneNumber,Salary, Department_id, Project_id)
VALUES (48, 'Ava', 'Wilson', 'ava.wilson@example.com', '555-555-5555',1250, 2, 1);
INSERT INTO Employees (idEmployee, FirstName, SecondName, Email, PhoneNumber,Salary, Department_id, Project_id)
VALUES (49, 'Benjamin', 'White', 'benjamin.white@example.com', '555-888-8888',6400, 1, 2);
INSERT INTO Employees (idEmployee, FirstName, SecondName, Email, PhoneNumber,Salary, Department_id, Project_id)
VALUES (50, 'Emma', 'Davis', 'emma.davis@example.com', '555-777-7777',4200, 3, 3);
